mean,median,mode,range,standard deviation,variance
1.0,1.0,1.0,0.0,0.0,0.0
1.3333333333333333,1.0,1.0,3.0,0.9428090415820635,0.8888888888888891
1.25,1.0,1.0,2.0,0.6614378277661477,0.4375
2.0,1.0,1.0,4.0,1.7320508075688772,3.0
1.8,2.0,1.0,2.0,0.7483314773547883,0.56
1.0,1.0,1.0,0.0,0.0,0.0
1.6,1.0,1.0,2.0,0.8,0.64
1.2222222222222223,1.0,1.0,1.0,0.41573970964154905,0.1728395061728395
1.0,1.0,1.0,0.0,0.0,0.0
1.4545454545454546,1.0,1.0,2.0,0.7820295697311479,0.6115702479338843
